{
  "project_info": {
    "project_number": "747588168115",
    "firebase_url": "https://projectfirebase-92778-default-rtdb.firebaseio.com",
    "project_id": "projectfirebase-92778",
    "storage_bucket": "projectfirebase-92778.appspot.com"
  },
  "client": [
    {
      "client_info": {
        "mobilesdk_app_id": "1:747588168115:android:2445cfd5719e78274d83c6",
        "android_client_info": {
          "package_name": "com.example.firebase_app001"
        }
      },
      "oauth_client": [
        {
          "client_id": "747588168115-r5jsc5oe86onck7thquldsqk33eq9otl.apps.googleusercontent.com",
          "client_type": 3
        }
      ],
      "api_key": [
        {
          "current_key": "AIzaSyC2CAk6go3ZrXC8u26ZWacoSfHf-zxpyUg"
        }
      ],
      "services": {
        "appinvite_service": {
          "other_platform_oauth_client": [
            {
              "client_id": "747588168115-r5jsc5oe86onck7thquldsqk33eq9otl.apps.googleusercontent.com",
              "client_type": 3
            }
          ]
        }
      }
    },
    {
      "client_info": {
        "mobilesdk_app_id": "1:747588168115:android:a2a5fcf84040666b4d83c6",
        "android_client_info": {
          "package_name": "com.example.myfirebase"
        }
      },
      "oauth_client": [
        {
          "client_id": "747588168115-r5jsc5oe86onck7thquldsqk33eq9otl.apps.googleusercontent.com",
          "client_type": 3
        }
      ],
      "api_key": [
        {
          "current_key": "AIzaSyC2CAk6go3ZrXC8u26ZWacoSfHf-zxpyUg"
        }
      ],
      "services": {
        "appinvite_service": {
          "other_platform_oauth_client": [
            {
              "client_id": "747588168115-r5jsc5oe86onck7thquldsqk33eq9otl.apps.googleusercontent.com",
              "client_type": 3
            }
          ]
        }
      }
    },
    {
      "client_info": {
        "mobilesdk_app_id": "1:747588168115:android:d35608de8f7a95d04d83c6",
        "android_client_info": {
          "package_name": "com.example.project_firebase"
        }
      },
      "oauth_client": [
        {
          "client_id": "747588168115-r5jsc5oe86onck7thquldsqk33eq9otl.apps.googleusercontent.com",
          "client_type": 3
        }
      ],
      "api_key": [
        {
          "current_key": "AIzaSyC2CAk6go3ZrXC8u26ZWacoSfHf-zxpyUg"
        }
      ],
      "services": {
        "appinvite_service": {
          "other_platform_oauth_client": [
            {
              "client_id": "747588168115-r5jsc5oe86onck7thquldsqk33eq9otl.apps.googleusercontent.com",
              "client_type": 3
            }
          ]
        }
      }
    }
  ],
  "configuration_version": "1"
}