{
  "project_info": {
    "project_number": "910774614791",
    "firebase_url": "https://fir-official-79f86-default-rtdb.firebaseio.com",
    "project_id": "fir-official-79f86",
    "storage_bucket": "fir-official-79f86.appspot.com"
  },
  "client": [
    {
      "client_info": {
        "mobilesdk_app_id": "1:910774614791:android:c5ac9ec0669ed553e3a3a2",
        "android_client_info": {
          "package_name": "com.example.myfirebase"
        }
      },
      "oauth_client": [
        {
          "client_id": "910774614791-oe2c0g4l8oejn6153j3287k887j318u5.apps.googleusercontent.com",
          "client_type": 3
        }
      ],
      "api_key": [
        {
          "current_key": "AIzaSyCf4mBNeC6W8c2oKUZtLRwsDjFVfKogavY"
        }
      ],
      "services": {
        "appinvite_service": {
          "other_platform_oauth_client": [
            {
              "client_id": "910774614791-oe2c0g4l8oejn6153j3287k887j318u5.apps.googleusercontent.com",
              "client_type": 3
            }
          ]
        }
      }
    }
  ],
  "configuration_version": "1"
}